country1,country2,weight
USA,Sweden,266
Canada,Sweden,266
Sweden,France,151
Sweden,Canada,151
France,Netherlands,276
Canada,Netherlands,276
Netherlands,China,77
China,Spain,152
China,Mexico,152
Spain,fi,58
Mexico,fi,58
fi,pt,41
pt,he,21
he,da,10
da,no,32
no,bg,25
bg,uk,32
uk,ru,115
ru,tr,39
tr,ur,11
lt,gl,7
gl,sq,9
sq,ar,6
sr,bs,50
ka,eu,11
eu,ro,6
ro,ca,20
ca,sl,7
sl,hu,28
hu,th,8
oc,io,5
hr,fa,6
tl,nn,5
nn,cs,16
pnb,yo,8
hsb,dsb,7
USA,de,1807
Canada,de,1807
de,Sweden,357
Sweden,Spain,116
Sweden,Mexico,116
Spain,Netherlands,136
Mexico,Netherlands,136
Netherlands,ja,68
ja,et,5
et,ru,33
ru,pt,98
pt,sl,16
sl,ms,16
ms,id,19
id,no,33
no,cy,6
cy,pl,9
pl,fi,58
fi,uk,25
uk,he,13
he,sk,6
sk,lv,15
lv,nds,16
nds,China,8
China,gl,34
gl,ca,26
ca,sq,6
sq,lt,14
lt,oc,6
oc,ro,6
ro,it,45
it,hy,13
nn,se,11
se,cs,10
ht,hu,15
hu,da,9
da,hr,6
th,bg,5
bg,tl,6
bs,la,6
la,simple,15
simple,ga,13
ga,an,7
an,az,5
az,kw,7
tg,ilo,9
pms,nov,8
ko,hi,6
hi,kk,5
ug,diq,7
diq,crh,13
dv,qu,8
vec,ie,8
scn,nah,5
ts,be_x_old,5
gv,yo,5
yo,ceb,5
sah,mzn,8
pnb,hif,11
st,ss,6
ss,rw,6
rw,gag,5
ckb,pi,7
su,ce,6
ce,or,5
or,zu,12
zu,hsb,11
min,ky,6
olo,frr,6
lfn,udm,9
udm,sm,7
Netherlands,USA,345
Netherlands,Canada,345
USA,li,6
Canada,li,6
li,France,23
li,Canada,23
France,China,260
Canada,China,260
China,ca,82
ca,arz,11
USA,br,149
Canada,br,149
br,Spain,156
br,Mexico,156
Spain,war,1161
Mexico,war,1161
war,oc,126
oc,ms,184
ms,Sweden,496
Sweden,China,348
China,la,374
la,ar,236
ar,id,266
id,de,246
de,lb,174
lb,pcd,48
cs,eo,94
eo,de,106
de,USA,2024
de,Canada,2024
USA,ro,200
Canada,ro,200
ro,ru,166
ru,Sweden,138
war,pcd,44
pcd,oc,34
id,cs,23
cs,de,235
li,Netherlands,12
USA,ca,274
Canada,ca,274
ca,Spain,252
ca,Mexico,252
Spain,France,324
Spain,Canada,324
Mexico,France,324
Mexico,Canada,324
de,Netherlands,478
USA,Spain,1160
USA,Mexico,1160
Canada,Spain,1160
Canada,Mexico,1160
war,br,49
br,oc,35
ko,ja,26
France,USA,681
France,Canada,681
Canada,USA,681
Canada,Canada,681
USA,oc,151
Canada,oc,151
oc,Spain,152
oc,Mexico,152
Spain,br,76
Mexico,br,76
br,war,69
war,ms,894
id,pcd,28
sq,de,89
de,cs,265
cs,lb,19
USA,China,552
Canada,China,552
China,eu,43
eu,tg,12
tg,France,7
tg,Canada,7
France,pl,293
Canada,pl,293
de,ru,349
USA,sw,43
Canada,sw,43
sw,it,13
it,el,28
France,de,688
Canada,de,688
de,eo,239
eo,ru,76
China,USA,292
China,Canada,292
USA,ms,46
Canada,ms,46
ms,Netherlands,23
Netherlands,zh_yue,7
USA,pl,597
Canada,pl,597
pl,bg,38
bg,Netherlands,23
Netherlands,Sweden,68
Sweden,pt,73
pt,France,504
pt,Canada,504
France,ru,292
Canada,ru,292
ru,China,187
China,ms,415
ms,sr,160
sr,Spain,215
sr,Mexico,215
USA,France,1163
USA,Canada,1163
Canada,France,1163
Canada,Canada,1163
France,fa,133
Canada,fa,133
USA,io,168
Canada,io,168
io,ht,95
ht,simple,50
simple,eo,7
eo,France,165
eo,Canada,165
pl,Spain,209
pl,Mexico,209
Spain,fy,5
Mexico,fy,5
fy,it,5
it,ky,13
ky,tr,42
tr,hu,29
hu,China,47
China,azb,25
de,pl,712
pl,eo,79
ru,Netherlands,96
Netherlands,pt,95
France,sr,140
Canada,sr,140
sr,China,39
ms,lv,30
lv,ko,14
ko,Spain,58
ko,Mexico,58
China,no,67
no,France,136
no,Canada,136
France,bn,6
Canada,bn,6
pt,de,508
Spain,eu,187
Mexico,eu,187
eu,tr,18
tr,ca,16
ca,war,214
da,France,31
da,Canada,31
France,cs,73
Canada,cs,73
cs,China,60
China,uk,109
lt,uk,24
USA,ja,229
Canada,ja,229
ja,China,219
China,France,329
China,Canada,329
France,pt,197
Canada,pt,197
Netherlands,li,9
it,Spain,247
it,Mexico,247
Spain,USA,562
Spain,Canada,562
Mexico,USA,562
Mexico,Canada,562
USA,ru,282
Canada,ru,282
ru,pl,183
pl,France,335
pl,Canada,335
de,Spain,621
de,Mexico,621
Spain,tr,36
Mexico,tr,36
tr,France,58
tr,Canada,58
ru,ca,54
ca,uk,68
uk,war,22
war,fi,7
fi,no,45
no,China,75
pl,de,366
USA,pt,605
Canada,pt,605
pt,Spain,1158
pt,Mexico,1158
Spain,eo,46
Mexico,eo,46
eo,sr,10
sr,France,152
sr,Canada,152
China,ja,217
ja,USA,174
ja,Canada,174
USA,fi,109
Canada,fi,109
fi,ms,11
ms,vi,6
de,hu,55
hu,tr,14
tr,uk,30
uk,fi,35
fi,cs,29
eo,it,127
Spain,be,15
Mexico,be,15
be,bg,10
bg,he,15
he,Netherlands,12
Netherlands,no,119
no,fa,24
fa,ro,17
ca,ar,32
ar,azb,8
azb,arz,8
USA,tr,87
Canada,tr,87
tr,Spain,93
tr,Mexico,93
Spain,ca,220
Mexico,ca,220
ca,France,94
ca,Canada,94
France,war,173
Canada,war,173
war,China,50
China,hy,19
hy,ko,25
ko,uk,38
ru,USA,137
ru,Canada,137
USA,fa,106
Canada,fa,106
fa,de,22
de,uk,331
uk,France,88
uk,Canada,88
France,Spain,529
France,Mexico,529
Canada,Spain,529
Canada,Mexico,529
Spain,ar,73
Mexico,ar,73
it,France,372
it,Canada,372
Netherlands,Spain,131
Netherlands,Mexico,131
Spain,China,129
Mexico,China,129
China,eo,53
eo,pl,55
cs,USA,83
cs,Canada,83
eo,Netherlands,78
pt,it,243
it,ru,223
ru,sr,41
China,ko,107
ko,ms,10
ms,France,93
ms,Canada,93
tr,ar,29
France,arz,81
Canada,arz,81
pl,cs,122
cs,Netherlands,117
Netherlands,eo,67
eo,pt,51
ms,ru,68
ru,lv,23
lv,uk,56
uk,USA,44
uk,Canada,44
de,ca,122
ca,pl,48
pl,ru,189
ru,it,132
it,tr,71
ht,Spain,130
ht,Mexico,130
Spain,sr,296
Mexico,sr,296
sr,pl,131
pl,ky,93
simple,tr,26
tr,azb,97
azb,it,44
pl,Netherlands,247
cs,pl,86
fi,Netherlands,33
pt,tr,84
tr,ja,16
ja,ru,61
pl,el,13
el,USA,23
el,Canada,23
France,et,32
Canada,et,32
et,fi,23
fi,Spain,68
fi,Mexico,68
Spain,ru,159
Mexico,ru,159
fi,de,81
France,eo,82
Canada,eo,82
eo,sk,8
sk,Netherlands,11
Netherlands,war,42
war,pt,20
pt,sr,141
sr,ru,38
lv,ar,7
ar,lt,15
lt,tr,14
eo,USA,154
eo,Canada,154
be,Spain,13
be,Mexico,13
Spain,uk,326
Mexico,uk,326
uk,tr,14
Spain,de,736
Mexico,de,736
de,sr,57
sr,ar,19
ar,uk,42
uk,pl,126
ky,it,31
it,azb,60
pl,id,26
id,Netherlands,9
Netherlands,ms,13
ms,pt,208
eo,lt,13
lt,Spain,22
lt,Mexico,22
de,France,1081
de,Canada,1081
pt,ru,207
cs,sk,117
no,war,14
ru,ms,62
lt,ar,17
ar,France,43
ar,Canada,43
France,ko,44
Canada,ko,44
ko,China,60
eo,ca,14
pl,USA,311
pl,Canada,311
USA,cs,116
Canada,cs,116
Netherlands,de,349
China,hu,32
hu,ms,8
pt,uk,112
uk,sr,88
de,it,482
it,USA,240
it,Canada,240
USA,eu,50
Canada,eu,50
China,an,5
de,fy,11
ro,id,23
id,Sweden,61
France,li,5
Canada,li,5
vo,eo,23
eo,tr,13
tr,nn,8
nn,ru,34
ru,fi,67
da,nds,5
ms,la,266
la,ca,5
ca,China,59
China,war,8
war,sw,5
lt,eu,10
eu,uk,33
uk,et,11
sh,Spain,25
sh,Mexico,25
Spain,th,7
Mexico,th,7
th,ko,14
af,ar,5
Netherlands,mk,10
ga,zh_yue,7
it,sr,31
ms,oc,7
lv,Spain,13
lv,Mexico,13
Spain,lt,39
Mexico,lt,39
sr,it,148
it,fa,183
fa,pl,87
Spain,pl,183
Mexico,pl,183
fi,USA,112
fi,Canada,112
ro,Sweden,70
de,se,16
se,et,15
et,no,33
no,pl,109
pl,China,153
China,nn,124
nn,sq,5
sq,gl,22
USA,he,31
Canada,he,31
he,tr,9
eo,cs,44
fi,ro,14
ro,nn,12
nn,de,47
France,se,54
Canada,se,54
USA,eo,228
Canada,eo,228
de,ro,165
ro,vo,20
nn,uk,15
uk,Spain,172
uk,Mexico,172
Spain,Sweden,92
Mexico,Sweden,92
Sweden,ca,33
ca,cy,10
Sweden,no,121
pl,ca,51
China,sq,37
sq,Spain,19
sq,Mexico,19
Spain,ko,52
Mexico,ko,52
ko,et,9
et,gl,20
ro,de,163
Spain,sq,8
Mexico,sq,8
pl,da,34
da,nn,32
nn,ja,9
Sweden,de,369
eo,et,10
pl,ms,115
ms,fa,152
tr,China,39
ja,az,8
az,USA,7
az,Canada,7
France,el,30
Canada,el,30
France,uk,150
Canada,uk,150
no,USA,144
no,Canada,144
Netherlands,bg,51
bg,it,34
it,nn,50
nn,lt,8
lt,et,10
et,France,30
et,Canada,30
sr,fi,17
Spain,da,31
Mexico,da,31
da,pt,25
pt,simple,25
simple,fo,32
fo,is,33
is,ro,10
ro,uk,63
pt,ja,308
ja,de,216
de,lmo,47
lmo,Spain,148
lmo,Mexico,148
war,tl,340
tl,China,48
China,scn,281
scn,ms,287
ms,sh,25
sh,hy,430
hy,fa,272
USA,vi,139
Canada,vi,139
vi,Spain,104
vi,Mexico,104
ms,bug,749
bug,oc,107
oc,Sweden,158
Sweden,ro,142
ro,China,304
la,id,83
id,hy,42
hy,sq,161
France,it,431
Canada,it,431
fi,vi,11
vi,sl,10
sl,Spain,12
sl,Mexico,12
war,lb,63
lb,ms,60
la,hy,105
sq,France,6
sq,Canada,6
no,de,124
de,ja,236
ja,ko,86
ko,nn,7
nn,eu,6
eu,war,19
war,ru,46
ja,fi,31
de,ht,116
ht,it,79
it,ko,40
ar,tr,19
China,id,66
sq,lb,97
lb,de,27
ca,ms,263
bug,Sweden,437
Sweden,id,83
id,la,77
la,de,421
France,ro,56
Canada,ro,56
it,China,163
China,de,130
Sweden,Netherlands,135
Netherlands,ko,37
ko,ca,21
ms,bg,25
bg,pt,31
pt,fa,54
fa,Spain,202
fa,Mexico,202
ru,ja,51
vi,Netherlands,7
de,hy,123
China,Netherlands,85
France,no,128
Canada,no,128
no,ko,65
ko,Sweden,19
Sweden,eu,12
ru,pam,7
pam,it,13
China,it,104
France,szl,10
Canada,szl,10
io,pl,7
sr,tr,41
cs,Sweden,31
no,fi,48
fi,it,50
it,ja,110
ja,lmo,50
lmo,de,14
tl,ia,110
ia,China,194
la,sh,260
hy,bar,77
bar,fa,76
fa,tr,75
tr,bg,25
Sweden,sk,155
sk,ro,138
Spain,vi,116
Mexico,vi,116
vi,war,130
de,bg,78
bg,France,61
bg,Canada,61
be,be_x_old,17
be_x_old,ru,12
no,pt,103
Spain,ja,73
Mexico,ja,73
ja,he,22
he,id,6
cs,ar,18
it,pt,441
lmo,uk,30
fa,bg,216
vi,ar,13
ar,Spain,30
ar,Mexico,30
China,ru,198
ru,la,186
simple,pl,24
France,ky,6
Canada,ky,6
ky,azb,24
Netherlands,it,177
China,simple,21
simple,ru,16
ja,Spain,95
ja,Mexico,95
sr,uk,64
pl,tr,59
USA,hu,217
Canada,hu,217
hu,France,97
hu,Canada,97
China,vi,42
vi,ru,30
fi,id,13
id,fa,24
fa,ga,13
ga,France,36
ga,Canada,36
ht,de,151
de,simple,44
Spain,ky,11
Mexico,ky,11
ky,France,18
ky,Canada,18
France,azb,22
Canada,azb,22
USA,Netherlands,415
Canada,Netherlands,415
Spain,oc,120
Mexico,oc,120
id,ru,32
Sweden,hy,7
hy,uk,14
uk,ko,30
ko,fi,12
io,de,52
de,fi,105
sr,simple,14
simple,uk,17
uk,it,80
it,pl,229
cs,fa,33
li,USA,8
li,Canada,8
France,vi,19
Canada,vi,19
io,France,5
io,Canada,5
France,ht,37
Canada,ht,37
pl,it,330
hu,azb,20
azb,China,33
France,bg,55
Canada,bg,55
simple,de,36
ro,da,17
da,Sweden,27
id,li,6
nds,France,8
nds,Canada,8
France,vo,50
Canada,vo,50
sk,eo,17
eo,he,15
af,nn,5
eu,stq,10
ja,ms,11
ms,war,7
cy,ca,6
ca,bg,20
bg,tr,12
tr,hr,9
et,lt,8
ko,cs,18
uk,ka,14
ka,lv,6
gd,sco,15
be_x_old,ar,12
ar,ga,9
el,mk,10
la,br,21
no,ht,5
ar,China,30
Spain,it,295
Mexico,it,295
ja,pms,63
ca,ru,64
ru,ro,63
USA,az,18
Canada,az,18
az,China,9
China,tr,38
ar,cs,16
ru,cs,49
cs,France,78
cs,Canada,78
France,fi,90
Canada,fi,90
pt,ar,64
ar,Netherlands,30
Netherlands,uk,32
uk,bn,5
Spain,id,29
Mexico,id,29
ta,ko,7
ko,fa,49
fa,it,102
hy,de,59
de,sq,43
de,no,253
no,Spain,65
no,Mexico,65
de,pt,269
pt,Sweden,105
no,eu,15
China,bn,5
France,te,6
Canada,te,6
hi,he,6
he,it,33
it,gu,16
de,sh,17
sh,no,6
Spain,ro,42
Mexico,ro,42
ca,ja,20
ru,uk,147
uk,af,7
China,lt,36
lt,be,11
lb,USA,39
lb,Canada,39
Sweden,la,512
pt,Netherlands,244
ht,China,12
war,sr,31
sr,ja,11
ja,pl,60
France,tr,71
Canada,tr,71
Netherlands,France,351
Netherlands,Canada,351
Netherlands,pl,154
azb,no,18
USA,nn,66
Canada,nn,66
Spain,sl,11
Mexico,sl,11
sl,war,23
China,cs,37
cs,ru,48
USA,no,289
Canada,no,289
pl,ja,81
ja,France,156
ja,Canada,156
France,nn,40
Canada,nn,40
nn,Sweden,30
Sweden,hr,10
hr,fi,9
fi,simple,18
lb,ru,18
USA,it,514
Canada,it,514
Netherlands,ru,108
fa,arz,41
no,ar,61
Spain,pt,268
Mexico,pt,268
France,ceb,43
Canada,ceb,43
ceb,Spain,123
ceb,Mexico,123
la,Sweden,248
Sweden,sq,12
de,frp,10
Spain,nn,20
Mexico,nn,20
Sweden,it,149
it,uk,74
fi,hu,16
hu,ru,68
ru,tg,9
Netherlands,fy,21
fy,id,13
Sweden,nds_nl,7
nds_nl,France,15
nds_nl,Canada,15
vo,li,17
li,eo,16
eo,ro,38
ro,stq,8
stq,ms,20
ms,ca,186
war,eu,130
eu,ja,8
ar,no,21
ga,fa,38
fa,China,72
China,fi,41
fi,az,6
fi,ru,73
USA,et,34
Canada,et,34
et,Sweden,16
Sweden,pl,144
pl,fa,77
uk,hy,29
hy,it,27
it,cs,64
cs,ka,12
USA,uk,142
Canada,uk,142
sk,USA,42
sk,Canada,42
ca,la,23
de,fa,83
de,ga,49
gd,it,17
fa,eu,46
USA,war,208
Canada,war,208
de,tr,78
ceb,USA,280
ceb,Canada,280
pt,pl,242
tr,ru,35
ru,France,233
ru,Canada,233
France,ca,102
Canada,ca,102
it,ca,89
France,Sweden,148
Canada,Sweden,148
fi,ka,7
ka,no,7
ko,ar,41
ar,arz,30
it,de,269
lb,ca,13
ca,cs,31
cs,Spain,69
cs,Mexico,69
simple,France,33
simple,Canada,33
Sweden,war,7
China,szl,5
ja,ka,8
sh,he,5
he,gl,5
gl,ko,9
cs,azb,7
uk,sk,12
ru,war,27
war,ka,6
ka,France,24
ka,Canada,24
uk,ar,47
ar,fa,65
de,lt,58
lt,Netherlands,24
Netherlands,tr,35
war,vi,29
vi,ms,22
Spain,la,8
Mexico,la,8
ka,de,5
de,China,183
China,be,17
be_x_old,lt,6
lt,ru,44
fa,hu,12
hu,ar,21
Sweden,USA,157
Sweden,Canada,157
de,he,50
war,ko,15
ko,pl,26
pl,pnb,5
el,pt,16
pt,hu,51
th,it,11
fi,fa,30
fa,uk,33
uk,id,17
kk,my,5
de,ml,6
China,pl,135
id,Spain,73
id,Mexico,73
ja,pt,50
war,eml,26
eml,ms,22
ms,ia,95
ia,ar,129
ar,la,47
ro,bg,14
bg,sh,126
fa,bar,7
bar,tr,9
lb,no,7
hu,uk,118
uk,arz,87
it,Netherlands,159
Spain,cs,42
Mexico,cs,42
it,simple,26
simple,Netherlands,9
Netherlands,fi,54
li,Sweden,5
Netherlands,ro,55
nds_nl,ms,22
hi,war,6
war,Spain,54
war,Mexico,54
ca,vi,7
vi,ja,10
ko,ka,8
ka,el,9
ru,et,24
et,bg,8
bg,hu,17
hu,pl,69
pl,pt,148
pt,ht,11
ja,vec,42
ms,de,76
de,ia,103
la,ro,34
China,bg,68
hy,tr,36
de,ko,63
war,pl,53
ru,vi,38
vi,Sweden,17
Sweden,fi,53
it,ar,70
de,ms,104
hu,de,127
ro,sr,26
fa,sh,8
vec,pms,17
USA,mn,5
Canada,mn,5
mn,mk,7
mk,de,7
hu,eo,456
Spain,ceb,42
Mexico,ceb,42
ceb,war,96
vec,Spain,5
vec,Mexico,5
Spain,lmo,35
Mexico,lmo,35
lmo,war,55
hu,USA,365
hu,Canada,365
uk,de,61
he,ro,5
ro,France,95
ro,Canada,95
France,be_x_old,11
Canada,be_x_old,11
be_x_old,crh,5
rue,China,5
nn,bg,14
bg,cs,21
cs,lt,20
lt,no,15
no,lv,11
lv,ka,15
azb,hsb,13
hsb,be,18
pt,cs,54
he,China,22
China,Sweden,53
Sweden,sr,10
sr,id,5
war,de,48
ms,sk,18
bg,el,10
el,scn,6
scn,sh,49
sh,ko,12
ko,hy,10
hy,af,15
rue,de,8
rue,uk,9
pt,USA,1550
pt,Canada,1550
vec,id,16
id,lmo,34
lt,ro,17
sh,fa,38
fa,hy,47
af,tr,5
it,war,58
war,eo,91
hy,ka,23
pl,ro,67
USA,jv,32
Canada,jv,32
no,uk,44
lv,France,21
lv,Canada,21
France,ms,88
Canada,ms,88
ms,China,73
bg,ko,9
et,fa,16
sk,Sweden,20
pl,ar,63
it,pms,8
pms,id,46
vi,USA,19
vi,Canada,19
France,id,42
Canada,id,42
sr,USA,38
sr,Canada,38
it,hr,17
hr,ru,22
ru,eo,50
eo,sl,11
sl,pl,12
pl,arz,22
cs,lv,15
Spain,no,89
Mexico,no,89
no,Netherlands,121
Netherlands,ka,8
ka,it,31
ko,be_x_old,6
ro,Spain,48
ro,Mexico,48
cs,crh,6
lt,fi,13
fi,lv,6
lv,ca,14
ca,ka,13
ka,he,11
he,Sweden,11
nn,no,29
jv,Spain,8
jv,Mexico,8
Spain,arz,27
Mexico,arz,27
ko,vi,20
vi,it,36
ja,id,75
pl,lt,26
lt,France,48
lt,Canada,48
nn,lv,7
ka,China,43
it,hsb,41
hsb,cs,10
sr,ko,16
it,sh,11
sh,eo,9
sr,lv,20
hu,it,71
tr,he,16
mr,no,7
fa,ca,19
ja,it,95
bg,br,6
br,sh,7
France,hr,30
Canada,hr,30
hr,eo,11
eo,sh,5
sh,hu,13
hu,sl,13
sl,China,188
cs,mk,6
mk,ru,6
fi,pl,64
USA,mr,35
Canada,mr,35
mr,gu,11
gu,pam,6
ca,pnb,12
pnb,war,15
ne,sa,10
sa,ms,13
ru,pa,5
bg,fi,22
fi,sh,16
fa,Sweden,30
Sweden,tr,21
USA,hi,16
Canada,hi,16
gu,it,18
it,pam,11
Spain,ne,5
Mexico,ne,5
ms,sa,7
France,ml,8
Canada,ml,8
it,fi,53
eu,ru,27
ar,lv,10
lv,ga,6
eo,hu,76
de,lv,14
lv,pl,6
af,fa,11
Sweden,mr,6
gu,de,5
fa,ru,44
ru,sa,18
ms,ja,14
el,France,11
el,Canada,11
ru,hy,42
it,frr,6
Sweden,ru,249
de,vec,7
China,ar,57
fy,Netherlands,13
pt,br,23
tr,Sweden,13
France,ar,84
Canada,ar,84
ar,fi,26
ca,Sweden,114
Sweden,fa,67
el,ka,9
ka,hy,48
hy,he,5
hy,fi,15
ja,bg,6
bg,no,14
tr,it,44
it,he,18
Spain,et,18
Mexico,et,18
et,da,8
da,ar,12
sl,cs,13
China,ro,23
ro,fa,9
fa,pt,18
pt,hy,7
hu,ro,86
tr,de,84
no,vo,5
vo,ro,23
ro,lt,9
Sweden,bg,23
bg,nn,32
nn,France,45
nn,Canada,45
France,fy,12
Canada,fy,12
fy,ko,5
ko,cy,9
cy,simple,7
simple,China,23
China,ga,9
ga,Spain,19
ga,Mexico,19
uk,sco,10
is,fi,6
fi,tt,5
id,da,8
fi,France,70
fi,Canada,70
eo,fa,17
ru,nn,25
ja,war,7
af,China,9
sh,ar,9
uk,cs,43
cs,bg,14
ko,ga,8
hr,pt,22
tr,fi,16
ro,et,31
ca,lt,14
lt,China,37
hu,ka,10
war,la,11
ms,ar,15
el,sh,7
fa,ko,32
ko,de,25
hu,cs,51
sk,bg,5
bg,da,8
ru,sw,8
sco,China,15
uk,frr,5
pms,lmo,9
hu,hr,23
hr,bs,25
bs,sh,24
fy,France,6
fy,Canada,6
France,zea,6
Canada,zea,6
France,cy,28
Canada,cy,28
ru,de,374
Netherlands,nn,29
nn,et,8
et,cs,21
cs,uk,39
Spain,lv,10
Mexico,lv,10
bg,China,22
de,vo,16
hr,pl,28
fi,nn,15
nn,China,29
France,sh,27
Canada,sh,27
ru,az,21
de,da,41
ia,de,6
de,ar,111
uk,pt,43
cs,he,12
fa,szl,11
pl,ht,54
ht,sw,20
sw,Spain,23
sw,Mexico,23
cs,ro,20
ro,ko,5
ko,war,28
war,tr,19
Sweden,simple,30
ja,la,17
ms,no,62
ar,ro,70
fa,af,7
tr,hy,9
no,it,68
it,Sweden,89
ro,fi,21
France,simple,46
Canada,simple,46
nn,fy,5
cy,Spain,11
cy,Mexico,11
ga,sh,8
vo,pt,9
uk,da,7
da,ca,29
ro,ar,29
pl,be,14
be_x_old,China,7
ko,pt,24
pt,vi,15
vi,he,5
he,sh,5
et,hy,5
fi,Sweden,41
eo,Sweden,46
vo,Spain,8
vo,Mexico,8
sh,ru,16
ru,simple,34
de,nn,99
cy,ga,33
hu,sk,32
sk,pt,27
Netherlands,hu,19
mr,hi,22
hi,it,22
it,no,95
no,ne,8
ne,bh,13
bh,ru,12
sa,pnb,14
pnb,Spain,21
pnb,Mexico,21
Spain,or,9
Mexico,or,9
or,ur,13
ur,China,14
China,te,11
te,new,15
new,bn,8
bn,ta,16
ta,France,23
ta,Canada,23
France,mai,6
Canada,mai,6
mai,de,9
de,arz,33
war,fy,6
ceb,de,5
Sweden,uk,25
vo,simple,5
Sweden,ko,17
cy,la,8
pt,da,24
da,sh,8
tr,sq,7
el,pl,6
USA,be,6
Canada,be,6
Spain,sk,11
Mexico,sk,11
sk,China,18
China,hr,15
Spain,hu,39
Mexico,hu,39
fy,USA,9
fy,Canada,9
Netherlands,id,71
id,mr,5
ko,zh_classical,6
cs,zh_yue,6
zh_yue,it,23
fa,jv,8
fi,mzn,6
hu,mn,5
wuu,ca,5
ca,sco,7
pl,Sweden,94
it,et,23
uk,bg,21
nn,Spain,37
nn,Mexico,37
bg,ru,44
pt,cy,7
cy,ru,16
Netherlands,la,9
la,nn,11
ga,China,40
Spain,bar,7
Mexico,bar,7
ca,simple,12
France,ja,150
Canada,ja,150
France,af,16
Canada,af,16
pt,ro,43
ar,hu,17
France,bar,9
Canada,bar,9
Netherlands,et,14
uk,lv,41
pl,vo,6
ro,simple,12
cy,ar,6
no,nn,83
ru,ga,14
China,sh,44
hu,ja,19
la,cs,16
ru,no,76
it,hu,87
de,el,35
el,China,10
gu,no,11
no,ca,26
ca,ne,5
ru,Spain,208
ru,Mexico,208
Spain,sa,5
Mexico,sa,5
ar,pnb,10
Spain,lb,6
Mexico,lb,6
USA,ceb,91
Canada,ceb,91
bug,la,188
oc,war,136
war,an,51
an,ca,50
la,ru,122
ar,ja,15
USA,sl,120
Canada,sl,120
sl,pt,58
pt,bg,42
France,sl,194
Canada,sl,194
war,ca,224
de,la,66
ru,lb,11
vec,de,6
de,id,61
it,af,11
China,th,20
th,France,10
th,Canada,10
France,hu,72
Canada,hu,72
ms,he,15
Sweden,li,27
li,de,12
vo,jv,6
jv,ms,36
ru,gd,6
eo,stq,6
stq,pl,16
pl,nds_nl,5
uk,no,39
Spain,fa,67
Mexico,fa,67
ko,tr,26
tr,pt,18
France,ta,7
Canada,ta,7
USA,ku,53
Canada,ku,53
ca,de,107
de,sw,77
sw,bg,10
mrj,pnb,77
pnb,ckb,20
ckb,ms,24
no,az,9
USA,th,27
Canada,th,27
th,China,16
hi,de,10
it,bn,6
ml,ta,9
ta,mr,7
fa,USA,109
fa,Canada,109
ur,az,8
az,France,12
az,Canada,12
France,hy,24
Canada,hy,24
pnb,Sweden,18
ca,et,17
et,China,14
ms,ce,13
tt,be,6
bg,USA,28
bg,Canada,28
ja,eml,7
nn,fa,17
Netherlands,lt,32
az,hy,9
uk,fa,47
fa,ur,6
ur,France,7
ur,Canada,7
ce,be,5
sk,hu,126
war,rue,14
rue,eo,7
uk,ms,31
sr,ca,117
hu,lt,14
no,ru,95
et,Spain,14
et,Mexico,14
fi,tr,22
mr,it,9
USA,ar,134
Canada,ar,134
ar,de,58
uk,Netherlands,36
Netherlands,hy,7
hy,China,17
Spain,ka,15
Mexico,ka,15
ka,fi,14
tt,hsb,18
hy,USA,6
hy,Canada,6
cs,hu,26
sr,be,7
be,France,11
be,Canada,11
France,da,49
Canada,da,49
da,Netherlands,33
la,ms,11
de,jv,18
war,ceb,50
ceb,ms,44
ru,th,11
th,de,11
id,China,27
tr,USA,143
tr,Canada,143
sw,France,53
sw,Canada,53
nn,ms,31
ko,ru,44
uk,China,106
ru,hu,45
hu,hy,10
ca,tr,24
hy,France,28
hy,Canada,28
sw,ru,90
ru,mrj,33
pnb,nn,11
nn,azb,42
azb,ms,24
it,id,29
ms,sq,10
id,France,39
id,Canada,39
tr,Netherlands,27
pl,uk,103
uk,ur,6
hu,Spain,77
hu,Mexico,77
fi,pnb,5
pnb,it,5
it,ms,137
ko,be,6
be,lt,7
ar,bg,11
it,mk,7
mk,France,8
mk,Canada,8
uk,hu,33
hu,bg,20
mr,ta,8
ta,China,9
he,de,20
lt,it,45
ar,ru,38
Sweden,hu,29
he,USA,26
he,Canada,26
cs,nn,31
no,ms,8
China,zh_yue,55
zh_yue,ar,12
ro,eo,20
fa,France,52
fa,Canada,52
ko,no,42
pms,it,5
Spain,mk,7
Mexico,mk,7
no,da,38
da,pl,17
hu,nn,9
nn,ca,7
ca,sh,9
sh,France,23
sh,Canada,23
France,is,7
Canada,is,7
fa,ar,85
ka,uk,53
hu,vi,5
France,crh,16
Canada,crh,16
he,fa,25
fa,nn,7
nn,be_x_old,20
be_x_old,lv,14
Sweden,ka,9
et,Netherlands,19
da,it,24
Spain,azb,6
Mexico,azb,6
ro,pl,90
pl,jv,26
jv,USA,47
jv,Canada,47
USA,lv,37
Canada,lv,37
bg,fa,14
la,bg,70
bg,ro,9
USA,ht,158
Canada,ht,158
la,sq,44
th,cs,11
cs,sr,20
sr,hi,5
ko,Netherlands,41
pt,sh,13
ur,pnb,10
sr,hr,35
hr,USA,43
hr,Canada,43
sh,pl,13
Spain,bg,29
Mexico,bg,29
China,sk,13
be,pt,5
pt,sq,7
cy,nv,6
cs,it,64
nn,ar,13
ja,fa,27
Sweden,ml,6
no,sl,5
hu,pt,45
pt,sk,14
sr,da,8
da,cs,7
cs,hr,7
eo,id,53
id,ro,11
th,ru,11
mr,tr,5
tr,ast,5
vi,ko,9
ko,br,7
ka,fa,8
az,ur,8
jv,it,6
bg,ja,15
Sweden,br,19
br,de,23
no,ja,40
hak,zh_yue,9
Netherlands,nds,8
ru,bg,37
bg,ca,22
hy,eo,9
ta,uk,8
ko,it,43
pl,vi,29
mn,Sweden,12
fi,ar,16
Sweden,sl,29
Spain,hi,5
Mexico,hi,5
hi,ta,10
China,ml,6
ms,tg,6
hu,id,13
hi,id,7
no,br,10
USA,ur,14
Canada,ur,14
pnb,China,44
de,sk,51
sk,uk,7
China,crh,7
USA,hy,14
Canada,hy,14
it,eo,169
sl,ro,5
ms,cs,27
crh,China,21
lt,bg,12
pt,tl,5
tl,de,95
it,br,11
uk,ro,26
ro,arz,19
eo,China,36
no,mr,8
pt,ko,31
zh_min_nan,zh_yue,6
zh_yue,hu,5
USA,sh,54
Canada,sh,54
sh,de,19
lt,war,11
fi,be_x_old,7
eu,Netherlands,14
ko,bg,9
bg,eo,7
rue,it,5
id,et,5
ms,pl,57
fi,ca,24
hr,nn,7
is,sh,5
sh,China,8
roa_tara,lmo,6
China,el,17
el,nn,5
af,eu,8
eu,ca,15
tr,simple,15
ht,ru,21
ja,tr,41
Sweden,da,33
ro,no,25
vo,pl,12
pt,hr,17
hr,it,27
ru,da,27
da,simple,19
sh,cs,25
cs,ko,12
el,no,14
no,hi,7
pl,hu,65
uk,eo,27
USA,pnb,30
Canada,pnb,30
pnb,de,10
Spain,he,23
Mexico,he,23
sq,et,11
la,USA,8
la,Canada,8
simple,pt,17
he,Spain,26
he,Mexico,26
la,Spain,18
la,Mexico,18
ca,he,14
it,ro,52
bg,pl,22
pl,hr,19
nn,simple,33
is,da,9
ca,als,8
sh,uk,23
nn,fi,37
fi,arz,13
or,China,7
USA,id,71
Canada,id,71
id,uk,23
uk,szl,11
szl,Sweden,5
France,lv,11
Canada,lv,11
lv,China,19
bg,th,25
th,fa,14
jv,lv,20
lv,szl,5
szl,uk,6
war,France,40
war,Canada,40
bg,vi,5
szl,de,10
Netherlands,sh,9
pl,simple,21
ro,USA,79
ro,Canada,79
jv,de,6
no,et,18
sl,de,74
eo,ar,13
ar,it,48
cs,war,6
gd,France,26
gd,Canada,26
sa,Spain,6
sa,Mexico,6
ro,jv,25
cs,et,8
ja,ar,37
uk,tl,6
tl,fa,6
fi,bg,18
de,th,19
de,io,20
Spain,simple,36
Mexico,simple,36
simple,it,44
tl,ro,50
pt,no,57
la,China,21
uk,ca,23
ca,nn,9
nn,he,7
tr,eo,11
eo,ja,16
bg,Spain,41
bg,Mexico,41
nn,ro,5
eu,China,11
ar,he,13
tr,ga,7
ga,pl,13
new,ta,5
bg,ms,6
France,th,15
Canada,th,15
Spain,ms,43
Mexico,ms,43
USA,mk,6
Canada,mk,6
Sweden,et,34
ca,eu,29
pms,de,6
tl,ca,7
da,USA,28
da,Canada,28
ru,kl,6
pt,ka,17
ka,cs,17
ro,Netherlands,34
ar,pl,33
cs,hy,16
he,France,21
he,Canada,21
de,is,8
ca,Netherlands,34
pl,no,79
ka,ja,9
ja,cs,28
pl,sh,8
sh,sr,13
ja,uk,38
uk,eu,16
eu,France,25
eu,Canada,25
France,la,7
Canada,la,7
el,hu,6
hu,no,28
it,sk,11
ru,el,13
el,uk,7
Netherlands,ca,67
Netherlands,he,17
ko,eu,54
eu,zh_yue,7
zh_yue,hak,6
hak,pl,9
fa,mwl,16
mwl,it,23
USA,sk,24
Canada,sk,24
ja,Netherlands,69
et,de,67
simple,Spain,59
simple,Mexico,59
ja,no,56
ru,eu,30
eu,nn,5
da,Spain,32
da,Mexico,32
fa,fi,20
fi,zh_yue,10
zh_yue,wuu,14
no,lt,24
lt,pl,35
Sweden,nn,15
zh_yue,fa,17
uk,th,14
th,wuu,5
Sweden,af,7
af,France,18
af,Canada,18
nds,ca,5
China,he,23
ko,sco,5
sco,ar,9
no,vi,21
Sweden,zh_yue,18
ja,Sweden,36
pl,sr,101
ru,ne,9
sr,Sweden,54
simple,ro,12
ko,da,11
da,eu,9
eu,pl,38
pam,zh_yue,7
zh_yue,Sweden,11
Sweden,ar,22
ms,Spain,32
ms,Mexico,32
it,da,19
ta,hi,6
ht,France,85
ht,Canada,85
pt,nn,22
nn,it,53
ru,ar,48
da,China,22
bg,war,7
war,ja,11
ia,scn,5
sh,bg,20
hy,eu,15
Sweden,ht,28
da,de,28
ar,pt,27
no,hr,11
nn,sl,7
da,ru,18
sr,fa,28
crh,cs,5
China,be_x_old,23
ca,pt,76
eo,uk,28
nn,pt,11
tr,fa,28
USA,bg,60
Canada,bg,60
France,dsb,12
Canada,dsb,12
dsb,fa,9
fa,et,23
eo,ms,20
ro,nds_nl,17
eu,Spain,53
eu,Mexico,53
no,hu,37
ru,fa,65
lv,pt,15
no,Sweden,75
ja,nn,8
ar,nn,8
nn,vi,5
vi,simple,5
simple,oc,5
oc,pt,9
Sweden,ja,73
fo,da,11
ro,cs,21
Sweden,lv,5
lv,de,15
ms,dsb,7
dsb,he,6
he,ca,11
hi,gu,7
no,eo,19
eo,da,10
tt,arz,6
Netherlands,el,8
el,fi,7
France,he,31
Canada,he,31
China,pt,65
da,fi,14
hy,bg,33
no,th,16
hu,fi,30
th,hu,7
ca,USA,84
ca,Canada,84
USA,el,36
Canada,el,36
el,de,24
no,ro,23
ga,Sweden,31
pt,fi,75
fi,sr,11
sr,cs,28
nn,arz,7
hu,arz,19
th,Spain,15
th,Mexico,15
cs,pt,36
Netherlands,th,8
war,it,57
it,bg,36
France,oc,47
Canada,oc,47
oc,USA,68
oc,Canada,68
pcd,de,22
el,it,22
lt,de,41
de,vi,23
France,be,9
Canada,be,9
be,et,12
hr,de,29
it,la,11
sh,el,8
id,sq,7
Netherlands,pnb,6
Sweden,eo,49
de,sl,46
sq,cy,8
cy,ast,7
ast,ak,7
sk,France,13
sk,Canada,13
bg,sr,16
sr,hu,21
France,br,76
Canada,br,76
it,rue,13
eo,simple,10
eu,pt,9
pt,af,5
tr,ko,24
USA,sr,44
Canada,sr,44
Spain,szl,6
Mexico,szl,6
de,et,30
et,USA,63
et,Canada,63
pt,eo,55
cs,el,8
sl,USA,35
sl,Canada,35
ko,sk,5
sk,cs,38
Sweden,fy,5
hu,Netherlands,29
Netherlands,hr,16
mr,de,9
sk,fi,9
hr,sh,31
fa,id,27
id,lt,8
hu,simple,9
simple,sh,9
sh,br,11
br,lt,8
ro,gl,7
gl,tr,8
sr,tl,6
tl,mk,8
be_x_old,az,6
br,sk,5
sk,la,10
USA,arz,24
Canada,arz,24
cs,ms,22
br,la,8
he,cs,20
sr,ro,14
eo,nds_nl,9
pt,gl,44
gl,ja,9
ja,br,5
tl,lmo,10
lmo,ia,7
sr,ky,8
eo,Spain,30
eo,Mexico,30
ht,ja,5
no,tr,20
eo,nn,7
pcd,lb,16
ht,pl,29
ast,USA,12
ast,Canada,12
de,hr,32
hr,ro,5
he,be,6
hu,he,5
ko,simple,11
it,fy,6
fy,eu,8
hu,fa,22
br,ms,12
China,sr,32
Spain,qu,9
Mexico,qu,9
qu,de,22
de,qu,27
qu,USA,9
qu,Canada,9
fa,ja,24
ru,gl,16
gl,it,9
vi,de,10
de,kk,7
br,France,5
br,Canada,5
sq,tr,9
sr,ta,8
ta,tr,8
USA,ta,12
Canada,ta,12
se,no,34
Spain,gl,38
Mexico,gl,38
sl,France,11
sl,Canada,11
stq,Spain,7
stq,Mexico,7
eu,da,31
pt,China,86
id,pl,24
ta,ml,7
th,ja,24
ja,bpy,17
bpy,ar,9
ar,lo,15
lo,it,11
tr,pl,31
pl,azb,30
ru,sq,7
ro,ur,7
ru,hi,10
ja,hu,17
France,gl,17
Canada,gl,17
gl,de,24
eo,bg,6
bg,Sweden,25
cs,no,35
no,he,20
he,et,16
et,lv,8
simple,fi,7
ru,hr,16
da,uk,18
oc,ca,12
lt,sr,8
el,ko,11
mr,th,6
ms,min,24
br,ga,12
mk,sq,5
fa,Netherlands,16
ru,lt,37
zh_yue,Spain,12
zh_yue,Mexico,12
et,pt,13
ru,he,27
he,ko,5
Netherlands,ga,9
ar,USA,30
ar,Canada,30
sco,cs,5
br,USA,101
br,Canada,101
de,cy,104
USA,da,37
Canada,da,37
da,ja,8
ka,eo,19
eo,war,70
war,no,9
eu,ko,28
hr,uk,10
uk,Sweden,31
ar,io,6
eu,fa,39
la,uk,5
uk,nn,20
nn,sh,5
sh,sq,5
fa,gl,11
fa,cs,30
gl,nn,9
la,hu,11
pt,id,50
no,gd,36
gd,pl,7
nn,sco,9
sco,eu,24
is,fa,14
fa,lt,14
fi,sw,8
id,war,6
war,lt,11
lt,ka,8
simple,nn,28
sco,Spain,24
sco,Mexico,24
France,ga,18
Canada,ga,18
China,da,19
hy,vi,5
ja,cy,7
bm,nrm,5
cs,sl,9
sl,it,24
sk,de,27
sl,fi,8
ca,hu,32
qu,Spain,5
qu,Mexico,5
de,war,62
war,USA,25
war,Canada,25
qu,war,21
et,it,12
de,pms,19
pms,uk,5
Netherlands,sr,15
ja,eu,11
eu,Sweden,36
hu,ko,19
it,oc,6
USA,qu,18
Canada,qu,18
Netherlands,ceb,13
ru,sk,6
pl,af,6
af,Spain,5
af,Mexico,5
nso,et,29
lt,ca,24
China,tl,13
tl,id,14
USA,ka,13
Canada,ka,13
ka,mk,6
mk,China,5
vi,ceb,6
bug,ca,87
ar,hy,16
war,simple,9
Netherlands,fa,26
lb,az,49
fi,cy,7
cy,it,15
USA,sco,9
Canada,sco,9
simple,war,10
pt,vo,9
vo,qu,5
qu,lt,12
China,mk,5
tt,fa,11
ro,hu,45
pt,eu,22
eu,ms,92
la,oc,6
gl,tl,6
de,diq,11
diq,az,6
ru,af,5
cs,ja,31
Netherlands,az,12
de,gd,23
eu,it,70
bg,de,51
lt,pt,24
eo,eu,12
eu,ga,6
ca,gd,6
gd,China,7
Sweden,ga,7
it,sco,28
ga,gd,34
gd,fa,8
Spain,sco,13
Mexico,sco,13
sco,it,20
hy,lb,7
sco,nn,8
nn,ga,51
fa,sr,8
USA,ga,29
Canada,ga,29
ga,ru,21
de,eu,25
ga,de,29
France,eu,25
Canada,eu,25
USA,gd,39
Canada,gd,39
gd,ga,39
de,sco,16
sco,fa,61
it,eu,35
gd,eu,18
gd,Spain,9
gd,Mexico,9
USA,lt,54
Canada,lt,54
ro,az,7
uk,ga,7
de,gl,30
gl,France,14
gl,Canada,14
Netherlands,gd,17
no,simple,15
simple,sco,6
ga,it,25
Sweden,lt,16
lt,id,9
id,sh,9
sh,eu,15
la,eu,5
USA,pam,31
Canada,pam,31
pam,vi,12
af,ro,19
hak,it,6
nds_nl,vo,5
ca,it,55
tr,af,5
fi,el,9
simple,cs,8
azb,France,22
azb,Canada,22
de,als,120
sl,Netherlands,25
hr,cs,15
sl,ru,18
sl,mk,21
ja,th,7
sl,Sweden,30
uk,sh,34
sh,USA,13
sh,Canada,13
id,fi,16
Netherlands,oc,10
Sweden,nds,5
he,azb,7
azb,ar,10
ar,ml,5
mk,ko,5
gd,ca,6
cs,sco,6
et,sr,12
eo,hy,13
USA,bs,12
Canada,bs,12
bs,sl,6
sl,el,6
el,ar,12
sh,sl,17
Netherlands,sk,15
war,uk,22
bs,cs,9
uk,nds,5
Sweden,cs,36
cs,eu,10
France,hi,8
Canada,hi,8
sl,sr,17
bs,France,5
bs,Canada,5
ar,Sweden,14
Sweden,arz,9
hr,sl,11
bs,hu,28
sk,it,8
sr,de,32
bs,Spain,16
bs,Mexico,16
war,ro,5
fa,simple,15
pl,bar,6
bar,it,7
pl,he,22
it,arz,30
Netherlands,br,5
sl,ja,7
USA,simple,79
Canada,simple,79
simple,sr,14
uk,ja,27
azb,ga,5
simple,no,17
sh,cy,5
cy,de,29
ar,eo,18
it,lt,35
lt,ko,16
pt,th,17
lt,da,11
ar,tt,6
bg,lt,13
br,it,9
pt,ca,108
ca,id,9
id,eu,8
ar,gl,5
gl,ru,20
ru,ka,34
gl,China,14
China,se,10
se,eu,5
nn,hy,12
ka,tr,10
uk,sl,10
pl,ta,8
lv,Sweden,5
ar,vi,29
bg,ce,6
sr,nn,5
pl,br,6
br,fi,6
ca,af,7
gl,cy,25
war,bg,7
eo,fi,12
Netherlands,da,30
da,bg,23
da,lt,8
ko,he,5
id,th,5
uk,wuu,5
China,af,5
sk,ru,23
de,be_x_old,5
be_x_old,be,30
bar,bg,7
eo,hr,16
el,arz,13
it,tt,6
it,gl,14
gl,fi,5
fi,eu,7
fa,ms,8
ceb,ca,5
ms,et,37
la,fi,12
de,bar,23
jv,uk,14
szl,et,11
pl,az,8
France,mrj,113
Canada,mrj,113
mrj,lbe,29
China,min,5
pt,arz,17
et,ca,8
ca,fa,39
ms,fy,5
jv,pt,6
pt,war,10
eu,af,8
ja,gl,9
vi,pt,9
Spain,el,11
Mexico,el,11
it,scn,8
scn,de,5
pl,ko,36
ko,lt,18
bg,sk,9
sk,Spain,18
sk,Mexico,18
ru,br,5
br,pl,5
ca,sr,12
de,br,14
gd,kw,14
ro,pt,48
France,lt,41
Canada,lt,41
br,tr,6
USA,cy,28
Canada,cy,28
cy,bg,5
ja,da,6
sr,lt,5
hr,ko,13
ko,eo,16
eo,br,8
Sweden,he,12
eu,th,6
th,ar,11
lt,cs,16
cs,ca,47
ca,fi,24
frr,ar,5
id,simple,9
ca,ur,6
ru,ko,56
cy,no,11
lt,Sweden,16
pl,eu,22
eu,bg,10
br,ko,5
vi,fa,15
tr,no,17
fi,ko,23
id,be,6
be,eo,6
vo,Netherlands,7
Spain,cy,16
Mexico,cy,16
ja,ga,6
ca,ko,21
bg,gl,6
la,fa,10
lt,hr,7
hr,bg,9
bg,pnb,5
sh,bs,9
bs,China,17
ro,ja,9
hi,Sweden,6
Sweden,vi,14
fi,da,18
no,gl,14
it,nds,6
br,eu,13
tr,cy,7
ar,th,12
sl,hr,8
uk,simple,17
fa,zh_yue,19
sr,oc,5
fi,ja,17
lt,ms,7
cs,szl,5
szl,Spain,6
szl,Mexico,6
fi,la,8
uk,hr,9
la,frp,6
mk,eo,6
ja,vi,16
simple,ja,8
th,et,8
pl,sl,10
simple,hu,16
crh,USA,7
crh,Canada,7
de,nds,84
Sweden,szl,8
it,ceb,18
ru,id,40
br,da,5
lt,hu,7
it,vi,25
vi,gl,7
mk,is,5
el,fa,11
ar,sh,10
sh,az,7
ms,wuu,8
pl,nn,16
nn,da,17
China,ka,21
ka,be_x_old,8
tt,ms,5
fa,el,8
bg,ht,8
eo,sw,7
no,sw,5
tr,ro,10
USA,ko,47
Canada,ko,47
vi,id,11
id,ko,20
ko,th,10
Netherlands,gl,13
sq,eo,6
ca,no,26
tr,war,22
USA,af,30
Canada,af,30
pnb,ru,18
hy,pt,6
pt,lt,17
bg,id,16
id,ga,5
eu,br,5
br,fa,7
cs,sh,15
sh,Sweden,8
pnb,ms,63
id,ms,67
it,ka,21
ka,ca,15
ca,br,12
vo,France,5
vo,Canada,5
sh,pt,15
fy,pl,7
pl,stq,5
da,hu,12
nn,jv,5
nn,USA,29
nn,Canada,29
de,ku,7
sr,et,11
el,ru,12
ka,Spain,16
ka,Mexico,16
vo,it,5
simple,is,5
is,fo,6
bg,et,8
et,be,6
be,fa,6
he,szl,12
no,cs,17
sw,Netherlands,6
USA,vo,13
Canada,vo,13
fi,et,17
et,arz,5
ko,gl,13
gl,fa,11
USA,tl,11
Canada,tl,11
tl,it,5
de,af,41
hu,ca,25
af,USA,13
af,Canada,13
ru,nso,5
nso,st,5
af,nso,7
id,ja,17
pl,mk,9
mk,fa,6
nso,ru,5
no,sr,10
ru,mk,12
China,nso,21
nso,it,14
Netherlands,cs,66
af,ru,13
de,nso,5
nso,ve,5
ro,af,9
af,Netherlands,15
Netherlands,nso,10
France,nso,10
Canada,nso,10
Netherlands,af,14
af,de,13
USA,hr,39
Canada,hr,39
hr,sr,19
ja,ro,14
fi,he,6
he,lt,8
br,cs,5
st,et,5
Spain,hr,11
Mexico,hr,11
nn,Netherlands,19
th,pt,11
ko,France,35
ko,Canada,35
eo,ka,28
pt,ms,160
fy,ca,6
da,eo,9
el,Spain,15
el,Mexico,15
Spain,wuu,8
Mexico,wuu,8
de,ka,32
nds,ar,6
uk,lt,27
ca,ro,23
France,ka,48
Canada,ka,48
hu,bs,13
ru,tt,6
simple,tl,5
fa,hi,5
hu,Sweden,29
Sweden,sh,9
sh,it,12
id,he,15
he,lv,7
pl,szl,8
it,mr,7
mr,ca,9
ru,ta,8
he,pl,15
pl,ka,14
ga,eu,25
Spain,ha,5
Mexico,ha,5
cs,sq,8
ja,tt,5
fi,be,8
hr,hu,11
gl,uk,13
be,hy,7
ka,USA,8
ka,Canada,8
hy,Spain,9
hy,Mexico,9
Sweden,sw,5
sw,ms,6
simple,ca,8
la,pt,7
Sweden,cy,22
France,lb,15
Canada,lb,15
it,sl,19
io,Sweden,9
cs,simple,12
simple,azb,5
el,ca,11
Spain,af,8
Mexico,af,8
ja,sk,10
de,be,9
simple,ht,7
ko,id,19
id,hu,25
USA,an,8
Canada,an,8
an,Spain,11
an,Mexico,11
azb,pl,41
mk,bg,10
hr,China,16
sr,ka,17
ru,arz,12
war,azb,24
ru,be,37
ka,simple,5
Spain,an,5
Mexico,an,5
an,war,23
tr,az,18
be,it,5
hr,ca,9
sr,el,8
cs,tr,11
eu,vi,6
sh,ca,16
Spain,sh,14
Mexico,sh,14
azb,hu,5
vi,China,13
id,ar,18
ar,is,5
USA,diq,11
Canada,diq,11
diq,de,11
mrj,ckb,7
ckb,China,6
diq,tr,23
mrj,de,19
de,pnb,25
ca,sw,11
ms,az,10
az,no,8
ku,diq,17
ms,hy,14
hy,cs,14
el,az,5
he,hu,9
ja,jv,8
bg,hy,21
lv,hr,5
ku,sw,10
hr,Sweden,9
cs,fi,32
ku,tr,14
no,hy,20
uk,bs,19
pl,bs,9
bs,sr,18
ca,da,13
ro,sh,5
sh,hr,12
el,sl,5
sl,ar,6
ms,an,23
an,bug,18
eu,no,18
ko,sr,26
ca,an,58
an,ms,52
ceb,oc,8
oc,an,16
fa,ml,6
hy,pl,15
bs,uk,7
fa,sco,10
sco,el,5
simple,hy,9
it,ml,9
he,hy,6
ms,be_x_old,5
hr,da,7
no,id,14
ca,bug,81
cy,eo,5
ms,ro,8
fa,az,7
az,ko,6
pt,qu,10
hu,be,10
pt,el,28
el,id,10
id,jv,19
ar,ca,30
tr,fy,6
ce,France,5
ce,Canada,5
an,la,9
pl,tl,6
mk,th,6
th,ms,6
vi,uk,10
fi,China,43
be_x_old,ka,8
ko,hsb,5
he,uk,19
de,crh,20
ka,ar,21
eo,ko,14
Sweden,gl,24
gl,Spain,17
gl,Mexico,17
Sweden,pnb,7
pnb,ca,9
uk,az,8
be_x_old,cs,10
China,et,20
et,uk,11
he,hsb,5
hsb,it,11
zh_yue,ko,9
lt,USA,28
lt,Canada,28
bat_smg,be_x_old,5
Netherlands,lv,6
ca,be,10
be,uk,21
et,pl,106
el,Netherlands,11
be_x_old,de,6
China,lv,14
gl,hu,6
af,et,5
Spain,az,9
Mexico,az,9
lv,ru,16
et,be_x_old,5
be_x_old,France,14
be_x_old,Canada,14
sr,Netherlands,11
ru,pnb,16
lv,et,5
be,he,8
ky,war,5
pl,sk,21
ja,ca,24
hu,sh,12
sh,da,7
simple,la,6
eu,eo,13
cs,id,10
lbe,pnb,17
no,ku,6
ru,is,6
sw,China,8
pt,mrj,7
ms,diq,9
Netherlands,sw,14
lbe,China,6
ku,de,37
ms,uk,24
no,el,12
diq,France,5
diq,Canada,5
France,sw,16
Canada,sw,16
de,mrj,5
fa,no,27
ku,France,7
ku,Canada,7
pl,sw,6
mrj,China,10
fa,he,107
sw,mrj,8
Netherlands,ar,25
pl,hy,15
hy,no,18
ms,USA,126
ms,Canada,126
sw,de,27
no,diq,5
hy,ar,13
no,arz,5
Sweden,mk,9
ku,USA,5
ku,Canada,5
tr,sw,7
tr,ku,11
vi,el,6
th,Netherlands,5
hu,el,13
ms,ka,31
min,no,12
France,ku,6
Canada,ku,6
Spain,ast,19
Mexico,ast,19
ast,de,8
eu,ka,6
ar,bs,7
hr,lt,7
China,hak,5
hr,tr,7
China,sl,7
eu,gl,16
Sweden,fo,13
eo,arz,6
az,ru,12
vi,France,16
vi,Canada,16
ar,ko,25
hu,sr,32
szl,simple,5
Spain,pnb,11
Mexico,pnb,11
Netherlands,cy,8
cy,fa,7
lb,France,12
lb,Canada,12
fa,sw,13
sw,tl,6
nn,ko,11
ca,oc,45
lt,fa,19
tt,ar,5
it,ur,7
el,tr,14
ka,pl,8
simple,ar,13
ru,sl,15
USA,gl,11
Canada,gl,11
gl,pt,24
ms,sl,15
nds,tr,7
io,ca,6
cs,tl,5
tl,ja,9
hu,gl,7
gl,hr,5
sr,bg,17
oc,az,5
vi,frp,12
ku,ilo,5
th,cy,10
cy,pms,9
kg,dv,7
ie,bat_smg,10
sah,lmo,8
war,pnb,10
bjn,xal,10
xal,ext,8
mg,sn,5
bxr,pa,14
om,bh,7
bh,vep,5
he,nn,5
nn,eo,29
pam,Spain,15
pam,Mexico,15
France,als,8
Canada,als,8
Spain,bs,7
Mexico,bs,7
bg,sq,8
fa,lb,6
cs,bs,10
lt,sl,5
id,eo,9
China,fa,67
ru,be_x_old,8
de,szl,14
it,lv,6
USA,tg,48
Canada,tg,48
tg,Sweden,5
szl,fa,8
az,bg,5
mk,Spain,6
mk,Mexico,6
sr,he,13
ms,lt,10
ru,tl,9
lt,be_x_old,5
be,ru,9
af,pl,7
ja,sh,15
ar,mk,7
mk,af,12
sk,pl,19
als,France,5
als,Canada,5
sr,fy,7
als,de,5
pl,nds,6
nds,USA,10
nds,Canada,10
la,ja,11
sk,nds,6
id,it,32
USA,als,9
Canada,als,9
gl,bg,5
tr,cs,14
se,ht,5
th,simple,6
tl,sh,8
la,ga,14
frp,wo,10
new,lij,7
lij,cy,5
pms,ast,5
ast,nov,5
ln,ug,6
crh,kg,5
bat_smg,nso,7
gv,ceb,8
ceb,als,6
hy,be,6
hsb,sn,6
lrc,om,7
jam,kbp,7
kbp,ig,8
sm,gn,6
ms,it,12
ro,sw,12
lv,USA,16
lv,Canada,16
simple,fa,36
France,sk,15
Canada,sk,15
he,eo,14
mr,fa,5
sco,ca,5
ro,hr,7
tl,France,9
tl,Canada,9
xmf,it,6
hy,azb,6
pl,et,28
sco,France,8
sco,Canada,8
da,ro,13
eo,la,15
it,hi,11
France,mr,6
Canada,mr,6
ru,ur,8
ms,fi,9
pt,bn,5
de,hi,10
ar,ms,16
China,mr,7
Spain,ta,6
Mexico,ta,6
ta,ms,5
ms,ta,7
hi,fa,5
pt,et,17
ca,eo,42
war,id,6
tl,ar,8
ar,eu,11
Netherlands,pam,5
hi,ca,5
azb,tt,5
ta,pl,5
mwl,China,7
war,mwl,5
uk,gl,7
gl,da,5
ar,simple,14
fa,vi,9
uk,hi,14
de,gu,8
it,tg,8
Netherlands,jv,6
tr,el,13
pnb,sl,6
nds,de,7
sr,pt,12
be,pl,11
Spain,ht,12
Mexico,ht,12
ar,sr,6
lt,lv,10
fi,lt,22
lt,tt,6
Netherlands,ht,7
id,pt,18
pl,ga,10
ru,kk,8
sk,hr,10
hr,Netherlands,12
ko,ro,5
ms,eo,11
eo,sco,7
tg,pl,9
USA,azb,5
Canada,azb,5
uk,be_x_old,7
China,zh_min_nan,15
sh,af,5
kw,oc,6
crh,dv,6
qu,ml,6
jv,scn,5
pi,mrj,5
ig,olo,8
da,fa,13
war,cs,13
azb,Sweden,6
sr,ceb,11
la,France,18
la,Canada,18
eu,el,6
gd,Netherlands,6
lt,ja,13
sh,sco,7
ms,gl,18
fy,war,5
ar,da,15
ga,simple,12
cs,la,21
USA,la,16
Canada,la,16
pl,cy,11
Netherlands,nds_nl,7
de,nds_nl,6
fy,ru,5
el,ro,6
sq,bg,28
ko,mk,5
lt,sco,5
he,pt,17
tg,it,10
id,ca,47
ca,sk,6
et,ja,9
os,war,9
Sweden,be,5
he,ka,14
da,sq,5
fi,oc,5
th,el,5
zea,vo,6
ms,br,18
br,ca,15
af,no,7
fa,be,11
ka,xmf,8
pt,mk,11
mk,uk,10
uk,sq,8
sq,ms,7
he,ja,15
la,lb,29
id,vi,16
pt,be,5
sr,sh,29
mk,cs,6
sq,hy,16
it,lmo,6
ro,la,43
USA,te,5
Canada,te,5
bg,la,21
sw,pl,5
ka,ru,14
ja,simple,6
simple,Sweden,20
be,ar,5
hy,szl,7
eu,ar,9
gl,br,11
nds_nl,ar,6
la,tr,5
eo,gl,7
sw,ka,7
hy,ca,8
szl,tr,5
ast,Spain,6
ast,Mexico,6
bg,eu,6
tr,id,32
ms,tl,25
et,id,5
ca,lb,5
eu,USA,16
eu,Canada,16
sr,war,10
tl,pl,15
sr,sl,11
pt,az,5
tr,la,6
hi,ht,5
tr,bar,5
vi,hu,11
sl,bg,5
da,ko,10
it,sw,7
da,id,5
cy,he,5
he,fi,8
gl,cs,13
ia,ht,5
az,sh,9
af,an,5
ka,be,9
ext,ss,5
ml,pa,5
ur,ru,6
pnb,ko,9
ko,sh,11
sh,vi,17
io,USA,14
io,Canada,14
uk,mk,5
cs,cy,5
pt,tg,7
tg,ar,16
mk,az,6
sh,Netherlands,34
vec,la,10
war,sl,21
sl,sk,6
ru,ba,5
az,Spain,11
az,Mexico,11
hy,lt,6
France,az,15
Canada,az,15
bs,USA,6
bs,Canada,6
uk,el,10
hy,id,6
af,sr,5
France,bs,5
Canada,bs,5
war,Netherlands,9
he,ms,7
th,USA,9
th,Canada,9
szl,ar,6
he,simple,6
hy,az,23
az,pl,7
hr,France,24
hr,Canada,24
USA,bn,5
Canada,bn,5
France,udm,5
Canada,udm,5
no,sk,14
vi,hak,5
de,ta,5
ms,tr,7
el,bg,10
pt,bat_smg,25
pt,szl,5
lv,sr,24
nds,eo,5
hsb,Spain,6
hsb,Mexico,6
hi,Spain,7
hi,Mexico,7
USA,ml,6
Canada,ml,6
mk,lv,5
China,wuu,9
nn,tr,5
fa,pa,5
az,ka,5
da,be,5
ko,USA,40
ko,Canada,40
no,be,8
da,gl,5
simple,ko,9
eu,sco,32
ru,sh,12
France,sco,14
Canada,sco,14
lt,sq,9
sq,ro,6
ro,hy,10
tl,ht,10
frp,sw,5
ilo,new,9
ceb,mt,5
wuu,zh_yue,5
gag,rw,6
eu,id,6
id,ur,5
ur,ja,16
lt,nn,9
io,se,5
it,tl,5
tl,uk,5
Netherlands,sl,11
lv,ro,8
tr,arz,5
hy,Sweden,8
ro,cy,8
uk,la,5
cy,France,14
cy,Canada,14
ka,pnb,5
ca,gl,12
cs,br,6
sl,fa,9
cy,lt,6
ka,ko,6
ru,azb,6
ga,sco,38
sco,gd,5
cy,nn,5
nn,la,6
gd,no,8
ga,az,6
sco,ko,12
it,ga,44
la,eo,12
frp,lb,7
Sweden,pms,5
bs,bg,5
ka,pt,9
no,lb,5
id,sr,12
sq,fa,8
fa,lv,8
be_x_old,et,5
ur,fa,8
simple,gd,7
Netherlands,vi,6
USA,kn,6
Canada,kn,6
China,vo,6
China,ht,8
he,ar,19
vi,io,5
ta,ar,7
ka,lt,6
China,az,11
sl,uk,10
tl,no,8
pl,th,7
lv,it,6
Sweden,el,13
gd,nn,20
gl,lv,7
lv,nn,5
eu,de,6
id,USA,21
id,Canada,21
gl,pl,8
gd,Sweden,5
ja,roa_tara,22
hr,he,5
da,ka,5
id,cy,7
USA,sq,7
Canada,sq,7
France,mk,7
Canada,mk,7
pl,war,18
eo,rue,6
rue,ms,6
sq,sh,10
sh,tr,9
uk,be,14
bug,ru,6
eo,no,14
tr,sh,5
el,sk,9
gl,id,12
ms,nn,9
os,uk,6
an,fa,5
fa,sq,6
ka,br,12
hr,no,7
gd,de,24
China,sw,5
sco,Sweden,6
USA,lb,14
Canada,lb,14
it,gd,13
be,China,11
gl,eu,8
nn,pl,24
be,de,9
cs,da,14
gd,uk,9
cy,Sweden,8
Netherlands,eu,16
gl,is,5
is,Netherlands,8
pl,gl,12
th,fi,5
Spain,kw,8
Mexico,kw,8
ro,war,6
USA,kw,5
Canada,kw,5
tl,tg,9
it,kw,5
kw,ko,5
sr,la,8
la,pl,11
kw,war,5
gl,Netherlands,5
hy,gl,11
bs,ru,7
el,cs,12
eu,an,5
an,France,15
an,Canada,15
vi,ca,7
uk,ia,12
pl,sco,12
eu,sl,5
br,ar,7
ja,bo,9
bo,ko,20
vi,no,12
sl,ca,8
cs,oc,6
ru,oc,6
tl,la,8
uk,an,5
oc,pl,6
he,ru,17
France,an,6
Canada,an,6
an,gl,6
gl,war,6
bg,ar,14
Spain,tl,10
Mexico,tl,10
hi,eu,7
sco,de,6
oc,de,8
pl,la,15
France,gd,12
Canada,gd,12
cs,gd,6
vi,hr,5
sl,lt,5
Spain,sw,9
Mexico,sw,9
hu,cy,5
fi,war,11
fa,br,5
br,hy,5
az,be,6
cs,vi,5
lb,Spain,6
lb,Mexico,6
hr,Spain,13
hr,Mexico,13
tr,th,5
id,nn,7
France,wuu,5
Canada,wuu,5
gl,ar,10
lb,cs,7
sk,et,5
simple,hi,6
bn,ps,5
pnb,az,5
az,tl,11
koi,China,11
pms,Spain,6
pms,Mexico,6
et,la,35
de,zh_yue,10
tr,lv,7
bn,ar,9
it,cy,7
ko,el,6
sk,no,8
su,jv,6
pnb,ur,5
de,oc,8
pt,la,6
gl,no,6
cy,ro,5
ar,el,10
el,br,5
eu,la,14
simple,ms,14
sah,lv,5
lv,sco,6
zh_yue,hy,10
als,Spain,8
als,Mexico,8
China,ta,5
hu,jv,6
jv,id,12
fi,gl,6
sr,af,5
th,sw,13
mk,lt,8
war,yo,5
yo,ka,9
be_x_old,arz,5
la,szl,6
lb,Netherlands,5
ja,ml,6
ms,eu,51
ru,os,9
bg,mk,7
pl,be_x_old,11
cy,tr,7
war,Sweden,8
Spain,hy,6
Mexico,hy,6
ka,et,8
br,ru,5
da,et,5
nds,gl,8
ur,tr,6
jv,ts,5
stq,pnb,5
war,hy,6
tr,vi,17
sk,he,5
hy,ba,5
ko,hu,11
be,az,5
cs,gl,8
cy,China,9
jv,Netherlands,9
France,tl,12
Canada,tl,12
wuu,it,6
ml,simple,5
lb,eo,6
de,tl,11
sl,sh,12
Sweden,tl,17
ar,war,6
hak,Sweden,9
tl,ms,10
is,ca,5
fa,my,8
my,Spain,5
my,Mexico,5
pt,gd,8
ml,France,5
ml,Canada,5
bug,sl,13
be_x_old,pl,5
mrj,ca,5
USA,be_x_old,7
Canada,be_x_old,7
simple,eu,6
tr,zh_yue,5
ca,lv,6
be,no,9
eo,be_x_old,9
gd,simple,10
Netherlands,simple,14
la,sl,5
az,tr,12
fa,la,6
lv,fi,5
Sweden,hi,6
de,bs,11
fi,hy,11
vo,no,5
fa,eo,8
ms,ko,8
de,azb,5
ja,lt,12
cs,mr,6
vi,eo,5
yo,az,6
bug,de,11
pnb,France,6
pnb,Canada,6
pnb,pt,9
ja,sr,7
pnb,uk,5
USA,wuu,8
Canada,wuu,8
yo,no,6
br,gl,5
sh,ja,8
hy,nn,5
ht,ro,7
he,no,6
id,map_bms,16
az,eo,14
vi,bg,5
et,ro,13
ro,nds,5
eu,bug,7
wuu,fa,5
da,vi,5
vi,hi,8
ko,bo,10
bo,pnb,9
bo,France,8
bo,Canada,8
fi,eo,12
azb,simple,9
de,bo,9
eu,simple,7
nn,cy,13
China,cy,6
ca,hr,12
nds,nn,5
arz,sl,5
USA,gv,5
Canada,gv,5
zh_yue,USA,8
zh_yue,Canada,8
sw,uk,6
lv,az,6
USA,zh_yue,10
Canada,zh_yue,10
Spain,zh_yue,5
Mexico,zh_yue,5
zh_yue,ja,12
zh_yue,China,6
th,id,14
be_x_old,it,6
tl,lt,7
mk,ar,7
vi,yo,7
zh_yue,sco,9
af,ms,5
vep,sco,5
vi,bn,5
bn,Spain,6
bn,Mexico,6
Sweden,ms,7
da,he,5
br,nds,5
lv,tr,7
mrj,ms,6
azb,min,5
diq,sw,5
pnb,ar,10
diq,pnb,5
eo,mk,8
el,yo,6
gl,USA,20
gl,Canada,20
tr,hi,5
ar,mr,5
el,sr,9
it,az,13
az,el,5
eo,lv,5
ru,cy,15
an,eu,5
ur,hr,6
bn,tg,5
xal,bjn,6
ce,su,10
su,or,5
xmf,jam,7
jam,wuu,5
wuu,kbp,5
bs,ca,11
sk,sr,10
ar,nds,6
simple,lv,5
sco,hy,12
uk,vi,21
br,ceb,17
it,ht,9
gl,hy,5
sk,id,5
uk,ta,5
pa,pnb,5
vi,fi,5
lb,tr,6
be,ka,7
vi,lv,5
hy,mk,5
mk,sl,5
fi,ht,8
fi,hr,6
hr,az,5
vep,st,5
lb,hy,5
simple,id,9
el,lt,6
th,lv,5
et,ar,5
az,fa,8
fa,da,7
da,th,7
ur,hy,9
France,pnb,5
Canada,pnb,5
de,az,12
hr,vi,5
hu,eu,9
az,uk,9
az,kk,7
ko,azb,5
simple,arz,5
cy,ko,6
zh_yue,ga,6
br,Sweden,10
ar,ur,6
el,Sweden,6
br,id,13
ca,ast,6
nds,ko,9
el,be,6
ja,tg,5
lv,lt,10
ru,zh_yue,7
no,la,8
id,el,5
nds,vi,5
lv,sl,6
ku,pl,7
pt,lv,13
cy,Netherlands,7
bn,tr,5
de,mk,8
mk,sh,5
oc,ru,6
se,simple,5
mrj,diq,7
hu,nds,5
szl,bg,5
lt,he,9
eo,vi,9
nn,el,8
ro,el,7
th,ca,6
sh,ilo,5
ilo,qu,6
azb,pt,5
lt,th,5
ko,pnb,9
Netherlands,lb,6
qu,ro,7
no,ka,9
lt,sk,7
fi,sk,9
tr,sr,10
hy,ml,5
hu,lv,5
ky,lb,6
be_x_old,uk,7
France,tt,6
Canada,tt,6
mk,sr,7
cy,sh,6
hi,mk,8
yo,uk,5
hy,gu,7
ilo,pl,5
Sweden,bug,6
ceb,it,7
cbk_zam,pag,16
pag,bcl,13
pam,Sweden,22
de,bcl,6
he,el,6
eu,hr,5
he,sr,7
be_x_old,mk,5
bar,Spain,5
bar,Mexico,5
et,el,5
la,is,5
bs,ro,5
mk,ka,5
ky,ko,5
eu,cs,7
el,bs,7
nn,be,5
de,tg,13
et,he,7
is,ur,5
cy,pt,5
fa,pnb,6
pnb,sco,5
da,sr,6
sl,ka,5
bug,pt,10
ml,ar,5
mk,USA,5
mk,Canada,5
bg,cy,5
ko,lb,5
ru,crh,9
be,Sweden,7
gl,sl,6
ja,wuu,5
zh_yue,ru,5
ro,tr,7
ca,th,7
ti,qu,5
fi,sq,6
gl,lt,6
lb,it,6
tt,no,6
et,hr,5
da,lb,8
als,sk,9
lt,el,7
eu,gv,5
gv,ca,8
ga,USA,7
ga,Canada,7
vi,th,5
war,bug,36
bug,ms,36
la,it,9
af,ga,5
eu,oc,6
szl,hy,6
id,tr,8
France,ug,6
Canada,ug,6
ug,ja,14
ru,ml,5
Sweden,pam,5
roa_tara,Spain,21
roa_tara,Mexico,21
sl,th,5
pl,koi,9
be,ja,5
USA,ug,17
Canada,ug,17
crh,de,13
France,ur,7
Canada,ur,7
ka,gl,6
simple,USA,8
simple,Canada,8
bcl,ar,5
tr,bn,6
ca,be_x_old,5
gan,China,6
it,sq,5
id,bg,10
France,zh_yue,8
Canada,zh_yue,8
simple,vi,11
Spain,ur,5
Mexico,ur,5
ms,hi,5
pt,ur,21
it,pnb,6
hsb,tt,5
ast,lt,5
sk,bs,7
af,yo,7
yo,ar,8
am,fa,7
vi,hy,6
mk,eu,8
eo,nds,6
sk,ar,6
bs,hr,7
tr,ms,5
sq,mk,9
lt,mk,6
io,oc,7
bn,ko,5
hy,sco,9
sco,af,5
sq,uk,8
uk,tg,5
pl,ku,7
France,tg,7
Canada,tg,7
pnb,bg,5
br,pcd,8
pam,pnb,15
ar,mwl,11
ka,kk,5
oc,France,6
oc,Canada,6
hu,is,7
af,mk,5
eu,sh,8
be,nn,5
vi,pl,6
is,de,7
USA,is,8
Canada,is,8
tr,lt,6
az,sco,7
is,USA,6
is,Canada,6
sh,mk,7
ne,vi,6
ja,eo,12
pms,ja,15
tl,hu,33
it,be,5
oc,fi,6
lt,hy,9
eu,hak,12
fa,be_x_old,5
oc,ja,6
sk,ka,5
fi,sl,8
ko,hr,7
sw,hu,5
az,ms,8
crh,fa,5
China,sah,6
pl,crh,6
crh,ru,5
jv,map_bms,6
id,cbk_zam,8
io,fa,6
id,ceb,6
ceb,hy,6
sh,tt,5
el,sco,5
id,sl,5
pam,oc,5
pt,an,16
tl,et,5
mrj,rw,8
rw,lbe,7
pnb,fa,6
sk,ja,15
id,ilo,5
de,ilo,6
ilo,id,7
tl,pt,8
io,sr,9
de,mr,5
pt,yo,5
simple,szl,5
USA,stq,5
Canada,stq,5
eo,io,12
xal,hsb,6
gl,sr,5
lv,ja,7
bs,el,5
is,cy,5
tr,diq,7
bat_smg,China,5
az,mk,5
ur,ar,7
pl,zh_yue,9
Spain,bn,5
Mexico,bn,5
id,lb,34
ny,tr,5
bn,id,13
ka,hu,5
vi,sh,6
ja,zh_yue,9
pcd,ms,13
USA,bo,7
Canada,bo,7
zh_yue,France,5
zh_yue,Canada,5
tg,ja,6
ja,ug,9
ug,France,14
ug,Canada,14
de,pcd,22
ms,el,7
ga,hy,5
fa,azb,6
war,az,7
pl,tg,10
it,zh_yue,8
ka,az,6
bat_smg,pl,25
hak,pam,12
ko,hak,9
war,hak,6
USA,hak,5
Canada,hak,5
ar,ka,5
he,vi,7
Spain,mwl,5
Mexico,mwl,5
co,la,6
arz,Spain,11
arz,Mexico,11
pa,war,10
la,bug,9
USA,mwl,5
Canada,mwl,5
vi,mn,5
gl,bn,5
Spain,is,6
Mexico,is,6
vep,bg,6
ka,ak,6
de,ur,6
ja,gan,5
la,bcl,32
bcl,Spain,16
bcl,Mexico,16
pms,no,17
ms,scn,42
ko,bar,6
ja,ki,14
ki,lmo,14
pms,ki,14
ki,Spain,31
ki,Mexico,31
cy,gd,7
io,ko,6
nn,pa,6
ur,el,6
pt,mwl,33
pt,min,30
it,ki,6
fa,th,5
hu,tg,5
pt,haw,8
sr,vi,11
pt,ky,14
hy,tl,5
sk,el,8
no,ast,5
ky,Netherlands,13
pt,zh_yue,16
bcl,bg,33
bg,lmo,32
an,pt,9
map_bms,min,67
min,su,46
ms,map_bms,49
